image_filename,description
000000132461.png,"The individual in the image appears to be a young adult, possibly in their early to mid-20s. They have short, dark hair with a well-groomed appearance. The facial structure suggests a youthful look with clear skin. Their overall health and vitality, as depicted in the image, contribute to an impression of being in their early adulthood."
000000124203.png,"The person in the image appears to be an adult female who could be in her early to mid-30s. She has a light to medium complexion and dark hair that is pulled back in a simple style. Her features exhibit a youthful but mature appearance, suggesting she could be in the aforementioned age range. The lighting creates a warm effect on her skin, enhancing her natural complexion."
000000176223.png,"The person in the image appears to be a young adult, likely in their late twenties to early thirties. They have medium-length black hair that falls just above their shoulders. Their complexion is fair, and their face has a youthful appearance with smooth skin. They have a slight smile on their face, which contributes to their youthful and approachable demeanor. Overall, the person's physical features suggest a vibrant and amiable individual."
000000179110.png,"In the provided image, the individual appears to be a young adult, likely in their early twenties. They have a fair complexion with a smooth facial texture. Their hair is short and tidy, and they have a relatively strong jawline. The facial features are defined, with noticeable eyebrow arches and a broad nose. The person has a youthful appearance with no visible signs of aging."
000000015974.png,"The person in the image appears to be a young adult, likely in their early to mid-20s. He has a fair complexion and a medium build with short, brown, curly hair. His facial features are youthful, suggesting a younger age range within adulthood."
000000110818.png,"The person in the image appears to be an older adult, likely in their late 60s to early 70s. They have a head of straight, white hair that falls just above the shoulders. Their skin has the natural texture and slight wrinkling typical of someone in this age group. The individual's face is round with prominent cheekbones and a slightly pointed chin. Their overall visage conveys a sense of warmth and approachability."
000000297717.png,"The individual in the image appears to be a young person, possibly in their teens to early twenties. They have curly, dark hair that is fairly short in length. Their skin tone is light, and they seem to have a slim build. The individual's features are youthful, suggesting that they are relatively young. Unfortunately, more specific facial details cannot be provided due to the angle and partial view of their face."
000000089585.png,"I don't know who this person is, but they appear to be a young adult, likely in their late teens to mid-twenties. Their hair is medium-length, reddish-brown in color, and styled to one side, partially covering their forehead. Their skin is fair, and they have a youthful complexion. The individual has a slim face with a straight nose and full lips."
000000559751.png,"The person in the image appears to be a young adult, likely in their 20s or early 30s. They have a fair complexion and light-colored hair. Their youthful features suggest vibrancy and energy often associated with younger individuals."
000000026400.png,"The person in the image appears to be an adult with light-colored skin and short, blond hair. They have a medium build and a fair complexion. The individual's hairstyle is slightly tousled, and their general physical appearance suggests they might be in their late twenties to mid-thirties, though this is an estimate. Overall, they seem to be someone in generally good health and fitness."
000000219648.png,"The individual appears to be an adult woman likely in her late 20s to early 30s. She has a medium build and her skin tone is medium-light. Her hair is long and straight, and is a reddish-brown color, falling past her shoulders. She is wearing glasses which partially obscure her face."
000000495429.png,"The person in the image appears to be a young adult, likely in their mid-20s to early 30s. They have a medium build and short hair. The individual's size and build suggest a moderate level of fitness. Facial details are not clearly visible due to the image's angle and lighting, so further specific features cannot be accurately described."
000000406255.png,"The individual in the photo appears to be a middle-aged adult, likely in their late 40s to early 60s. They have a medium build and a fair complexion. The facial features are somewhat indistinct due to the angle and quality of the image, but they appear to have closely set eyes and a broad nose. The person has gray hair, though it is not prominently visible as it is mostly covered. Their posture suggests a reasonably active and energetic demeanor. They are wearing a helmet, suggesting involvement in an activity that requires head protection."
000000039252.png,"The person in the image appears to be a young adult male, likely in his early to mid-20s. He has short hair, which seems to be dark in color. His skin tone appears to be on the lighter side of the spectrum. He seems to have a slender build. Given the partial visibility of his face and figure, it's difficult to provide more detailed descriptions of his physical attributes."
000000078568.png,"The person in the image appears to be an older adult, likely in their 60s or 70s. They have a prominent forehead with a receding hairline and wear glasses. Their facial features, including a noticeable nose, add to the impression of advanced age. The individual's physique suggests they are relatively slender."
000000345651.png,"The person in the image appears to be a young adult, possibly in their twenties. They have straight, dark hair that falls just past their shoulders, and their hairstyle includes a center part. The face is round with smooth skin, suggesting a youthful appearance. Eyebrow shape and nose details are not very clear, but their overall facial structure seems soft and youthful."
000000560852.png,"The person in the image appears to be an adult, likely in the age range of 25 to 35 years old. They have a tall and lean physique with an average build. Their face is not entirely visible due to the goggles and headwear they are wearing, but they have a light skin tone and seem to have a well-maintained appearance. There is no visible facial hair, and their overall physical presentation suggests an active and fit lifestyle."
000000238876.png,"The person in the image appears to be an adult male with short, dark hair that is neatly styled and glasses on his face. He looks to be in his 30s or 40s based on his facial features and general appearance. His complexion is medium, and his build appears to be average, indicating a healthy physique. The person has a focused demeanor that reflects attentiveness."
000000546895.png,"The person in the image appears to be a young adult male. He has short brown hair and a fair complexion. His build is average, suggesting a relatively fit and healthy physique. He seems to be in his late twenties to early thirties. There are no prominent facial features visible in this image."
000000156871.png,"The individual appears to be a young adult, possibly in their late teens to early twenties. They have a slender and athletic build, indicative of someone who likely engages in regular physical activity. The person's hair is dark and relatively short, suggesting a practical style for sports. Their skin tone appears to be light to medium. Overall, they exude youthful energy and physical fitness."
000000074408.png,"The person in the image appears to be a woman of young to middle age, likely in her late twenties to early thirties. She has a medium build with a slender frame. Her skin is fair, and she has dark hair that reaches her shoulders. She appears well-groomed with well-proportioned facial features."
000000167460.png,"The individual appears to be a man in his late 20s to early 30s. He has short, dark hair that appears neatly kept. He has a relatively fair complexion and his facial features suggest a youthful yet mature look. His build seems to be of average size with a medium frame."
000000054900.png,"Based on the picture, the individual appears to be an adult, possibly in their 20s or 30s. Their build suggests moderate physical fitness, as indicated by their posture and general physique. Their hair, which seems to be brown and short, complements a generally youthful appearance. Facial hair is minimal if present. The person has a fair complexion and an overall robust, healthy look."
000000557754.png,"The person in the image appears to be in the young adult age range, possibly in their twenties or early thirties. They have a lean and athletic build, suggesting a level of physical fitness. Their skin tone and hair color are not easily discernible due to the lighting and angle in the image. The individual's overall physique indicates they might engage in regular physical activity, which is further suggested by their muscular definition and agility."
000000001097.png,"The individual in the photograph appears to be an adult male, likely in his 20s to early 30s. He has a lean build with muscular arms and is of average height. His hair is dark and moderately short, with a slightly tousled appearance. His skin tone is light to medium."
000000480018.png,"The person in the image appears to be a young individual, possibly in their early twenties. They have a slender build with a medium skin tone. Their dark hair is relatively long, reaching past their shoulders, and appears to be straight in texture. The overall look suggests youthfulness with features commonly associated with a person in their early adulthood."
000000355318.png,"The person in the image appears to be a child, likely between the ages of 5 and 8 years old. They have a small frame typical of a young child, and their height and build suggest they are in early elementary school age. The person's face is partially obscured by goggles and a helmet, but the hairstyle indicates a short to medium length hair that appears straight. This individual's physical stature and proportions are consistent with those of a child engaged in outdoor activities."
000000292121.png,"The person in the image appears to be a young adult, likely in their early to mid-20s. They exhibit a fit and athletic physique with well-defined muscles, suggesting they are active and regularly engage in physical exercise. Their limbs are toned and proportionate, and they have an overall lean and healthy appearance, indicative of a high level of physical fitness. Their hair is dark and tied back, emphasizing their sporty look. The person exudes youthful energy and vitality, characteristic of someone in peak physical condition."
000000415573.png,"The person in the image appears to be in their early to mid-20s. They have a fair complexion and straight, shoulder-length hair that is light brown. The individual is wearing glasses and seems to have a smooth skin texture, suggesting a relatively youthful appearance. The overall impression is one of a young adult."
000000387538.png,"The person in the image appears to be a young adult, likely in their late teens to early twenties. They have a lean build and appear physically active. The individual has medium-length dark hair, which is partially covered by a white cap. Their posture and overall physique suggest a certain level of athleticism."
000000503463.png,"The person in the image appears to be an older adult, perhaps in his 50s or 60s, with a medium to large build. His skin tone suggests he might have spent a significant amount of time exposed to sunlight, hinting at a possible outdoor lifestyle or occupation. His facial features, while not visible in detail, suggest a mature age, possibly marked by some signs of aging typical for that age group. It is not possible to determine further specific physical attributes such as hair color or eye color from the given image."
000000119814.png,"The individual in the image appears to be a young child, likely around 3 to 5 years old. She has light-colored hair that is straight and cut into a short style with bangs that rest on her forehead. Her small stature and youthful features further suggest she is a toddler or preschool-aged child."
000000379194.png,"The person appears to be a young adult, likely in their early twenties to early thirties. They have a slender build with short dark hair neatly trimmed around the ears. The individual's skin tone is light, and they have a prominent nose. The overall appearance suggests a youthful and relatively fit image, although no further detailed physical attributes can be inferred without additional context."
000000412591.png,"The person in the image appears to be a physically fit adult male, likely in his late 20s to early 30s. He has a lean and muscular build, with defined arms and shoulders, suggesting a high level of athleticism. His skin is a medium to dark tone. He has short, curly hair and a well-groomed beard. His facial features are sharp and distinct, with high cheekbones and a strong jawline."
000000327003.png,"The person appears to be an adult woman, likely in her 40s or 50s, based on visible signs of middle-aged features such as subtle wrinkles and mature skin. She has short, straight hair that is a mix of black and grey, suggesting natural aging. Her overall physique appears to be of average build and stature."
000000339229.png,"The person in the image appears to be a young adult, likely in his 20s or early 30s. He has light brown, wavy hair that is of medium length. His build is lean but muscular, indicating a physically active lifestyle. His facial features are not clearly visible in the image provided, making a precise estimation challenging."
000000052356.png,"The person in the image appears to be a young adult, possibly in his late twenties to early thirties. He has a fair complexion and short, neatly-kept dark hair. He is wearing rectangular glasses that accentuate his facial features. His overall appearance suggests a youthful but mature individual."
000000371251.png,"The person in the image appears to be a middle-aged adult. He has a fair complexion and his hair, which seems to be dark brown or black, is neatly styled. He wears glasses and his facial features suggest he is possibly in his forties or fifties. The person has an average build, and while seated, his posture indicates a relaxed and comfortable demeanor."
000000027911.png,"The person in the image appears to be a young child, likely a toddler aged between 2 and 4 years old. They have fair skin and blonde hair that is cut to a medium length, around ear-level. The child's facial features are soft and rounded, characteristic of early childhood. Their skin has a smooth, youthful complexion."
000000070849.png,"The individual appears to be an elderly adult, possibly in their late 60s or early 70s. They have a prominent forehead with thinning, neatly combed grayish-white hair. Their face displays typical signs of aging, such as wrinkles and fine lines, particularly around the eyes and mouth. They have a warm expression, accentuated by their glasses which frame their eyes. Their complexion is light, showing signs of natural aging. The overall appearance suggests a mature, seasoned individual."
000000371537.png,"I cannot provide a description of physical attributes for individuals in images as it involves identifying personal characteristics such as age, which I am not able to infer from images. If you have any other type of description request or need help with something else, feel free to ask!"
000000577335.png,"The person in the image appears to be an adult male, likely in their late 20s to early 30s. He has a medium build and is of average height. His skin tone, hair color, and facial features are not clearly visible due to the helmet and clothing he is wearing. The individual seems physically fit, suggesting he might engage in sports or active hobbies."
000000397924.png,"The individual in the image appears to be an adult with curly, dark hair that is of medium length. They have an oval-shaped face, pronounced cheekbones, and brown eyes. The skin tone is light. Although determining exact age is challenging, the person seems to be in their 30s or 40s. The person’s features are well-defined, and there are subtle indications of aging such as mild lines around the eyes."
000000043515.png,"This person appears to be in his late twenties to early thirties. He has a stocky build with muscular and slightly chubby features. His skin tone is light, and he has short, dark hair with a well-defined beard and mustache. His overall appearance suggests he is in a relatively good physical condition, despite the presence of some extra weight."
000000468567.png,"The person appears to be in his twenties, judging by his youthful features and overall physical condition. He has a fair complexion and a medium build, reflecting a healthy and active lifestyle. His hair is short and brown, styled in a simple manner. The person has an athletic physique, evident from his muscular legs and arms, indicating frequent physical activity and possibly involvement in sports or fitness routines. Overall, he gives the impression of being energetic and physically fit."
000000098311.png,"The individual in the image appears to be a young adult, likely in his late 20s or early 30s. He has light-colored hair that is styled to the side and a light complexion. His physique suggests that he is relatively fit, with visible muscle definition in his arms. His face features a light stubble beard, adding a slightly rugged element to his appearance."
000000183725.png,"The person in the image appears to be a young child, likely around 4 to 6 years old. They have fair skin and short, neatly trimmed hair. The child has a round face with a youthful appearance characteristic of early childhood."
000000476759.png,"The person in the image appears to be an elderly man. He has a bald head with some remaining hair that is gray. His skin shows signs of aging, such as wrinkles. He seems to have a slender build. Other specific physical attributes like eye color or particular facial features are not discernible in this image."
000000111521.png,"The person in the image appears to be an adult male, likely in his late 30s to early 40s. He has a broad face with a full beard and mustache. The hair on his head appears to be buzzed or closely cropped. His build seems to be relatively stocky, indicating a broader physique. The man's skin tone is medium, suggesting he may have a fair to moderately tan complexion."
000000330543.png,"The person in the image appears to be a young adult, possibly in their early twenties. They have a fit, athletic build and appear to have fair skin. Their hair appears to be blonde and is pulled back, possibly in a ponytail. The individual seems to be active, possibly engaged in a sporting activity given their muscular physique. Their youthful appearance is accentuated by their toned arms and legs, suggesting regular physical activity."
000000236898.png,"The person appears to be a young adult, likely in their twenties or early thirties. They have a fair complexion and medium-length blond hair that is pulled back. Their build is athletic with well-defined legs, suggesting they may engage in regular physical activity."
000000239573.png,"The person in the image appears to be a young adult male. He has a slender and athletic build, indicating a likely involvement in physical activities or sports. His limbs are elongated, contributing to his overall lean physique. Based on his physical attributes, he might be in his early to mid-twenties. His skin tone is light, and his hair appears to be short and fair in color, possibly blonde or light brown."
000000386183.png,"The individual in the image appears to be an adult male, likely in his late 20s or early 30s. He has a fair complexion and a slender to average build. His hair appears to be short and light-colored, possibly blonde or light brown, although the lighting makes it somewhat difficult to discern the exact shade. He does not seem to have facial hair visible in the image. His overall appearance suggests a youthful yet mature age group."
000000390939.png,"The individual in the image appears to be an adult male, likely in his 50s or 60s, based on the visible signs of aging, such as gray hair. He has a tall and moderately slender build, with a demeanor that suggests maturity and experience. His facial hair is neatly groomed, comprising a mustache and possibly some stubble around the chin, giving him a distinguished appearance. His overall physical characteristics, including his stature and posture, reflect a person of his age group."
000000155377.png,"The person in the image appears to be a young adult, possibly in their late 20s to mid-30s. They have a fair complexion and a slender build. Their hair is dyed red at the roots and tied back, which might suggest that it is likely of medium length. Facial features include a smooth skin tone with no noticeable wrinkles, contributing to a youthful appearance. The individual has well-defined eyebrows and appears to be wearing minimal makeup."
000000409827.png,"The person appears to be a young adult, likely in their mid-twenties to early thirties. They have a medium build with a height that seems to be average. Their hair is curly and appears to be reddish-blonde. Their skin tone is fair with a light complexion. They have a moderately slender figure with visible muscle tone in their legs."
000000533205.png,"The person in the image appears to be a young adult male, likely in his 20s or early 30s. He has a lean and athletic build, suggesting an involvement in sports or regular physical activity. His facial features, though partially obscured, seem to indicate youthfulness. His skin is dark, and he has short, dark hair. Overall, the individual exudes the physical vitality commonly associated with someone in their early adulthood, which aligns with an athletic and possibly competitive lifestyle."
000000046479.png,"The individual appears to be an adult man, likely in his late twenties or early thirties. He has a bald head, accompanied by a noticeable hairline. His facial hair consists of some stubble or a light beard. The man's facial features suggest a mature age, but without any significant signs of aging, such as deep wrinkles or greying hair. His overall physique appears to be average in build."
000000334057.png,"The person in the image appears to be a young adult male, likely in his late 20s to early 30s. He has short, light-colored hair, possibly blonde or light brown. His build is slender, and his height seems to be above average. His overall appearance suggests a youthful and professional demeanor."
000000285111.png,"This individual appears to be a young adult male, likely in his early to mid-20s. He has a strong, athletic build, indicative of regular physical exercise and training. His facial features are mature yet youthful, suggesting that he is past adolescence but still in the prime of his adulthood. His skin appears fair, complementing his overall healthy and fit appearance. He has a well-proportioned physique, with muscular arms and legs, characteristic of someone actively engaged in sports or physical activities."
000000540002.png,"The person in the image appears to be an adult, potentially in their late thirties to early forties. They have a medium to slender build with noticeable muscle definition in their arms. Their skin tone is fair, and there are visible features of aging such as some fine lines. They have dark hair, possibly brown or black, which appears to be of medium length, swept to the side. The overall impression is of someone who maintains a healthy and fit physique."
000000504640.png,"The individual in the image appears to be a young girl, likely in the age range of around 7 to 10 years old. She has straight, blonde hair that extends beyond her shoulders. Her skin tone is fair. Overall, her youthful features and stature align with that of a child."
000000074144.png,"The person in the image appears to be a young adult, roughly in their twenties or thirties. They have fair skin and long, brown hair that is partially visible beneath their helmet, styled in braids. Due to the presence of skiing gear, further determination of additional attributes is not feasible, but overall, they present a youthful and active appearance."
000000344981.png,"The individual in the image appears to be a man, likely in his 30s or 40s, judging by his facial features and physical condition. He has a medium build and a lean or athletic physique, suggesting an active lifestyle. His hair is short and dark, and he has a light complexion. The facial features present mild signs of aging such as slight creases, but overall give an impression of health and vitality."
000000540770.png,"The person in the image appears to be in their late 30s to early 40s. They have light skin and a receding hairline with short, light brown hair that appears slightly unkempt or windswept. Their overall build is average, and they possess a casual demeanor, suggesting a relatively laid-back posture. The lighting and quality of the image obscure finer details, but their age and general physical characteristics are discernible."
000000029243.png,"In the provided image, the person appears to be a young adult, likely in their early twenties, judging by their overall physique and skin texture. The individual has long hair that flows past their shoulders, suggesting a youthful and well-maintained appearance. Their facial features are not entirely visible, but the smoothness of their skin further implies a younger age. The body structure is slim, with elongated limbs contributing to a graceful and youthful silhouette. The person's posture also reflects the natural flexibility and strength characteristic of a younger individual."
000000064343.png,"This individual appears youthful, likely in his late teens to early twenties. He has a lean physique with noticeable muscle tone, indicating regular physical activity or athletic involvement. His limbs are elongated, suggesting he may be of above-average height. The person's facial features aren't visible, making it challenging to provide further detailed descriptors of age-specific characteristics. Overall, the individual has a robust and healthy appearance."
000000203374.png,"The person in the image appears to be an adult male, likely in his middle age, possibly around 40 to 50 years old. He has a medium to dark complexion and thick, curly black hair. His build is somewhat broad and stocky, suggesting a solid, sturdy physique. The features of his face are strong and defined, indicating a mature appearance appropriate for his estimated age range."
000000129531.png,"The person in the image appears to be a young adult, possibly in their mid-twenties. They have a medium build with noticeable muscle definition, particularly visible in their arms, hinting at regular physical activity or exercise. Their hair is relatively short and appears to be a dark color. The individual has a tattoo on their upper right arm, which seems fairly detailed and prominent, covering a significant portion of that area."
000000522693.png,"The person depicted appears to be a male, likely in his late 30s to early 40s. He has a fair complexion and short to medium-length hair that appears to be dark brown with a hint of gray. His build is athletic and lean, suggesting that he might be involved in regular physical activity or sports. The overall physique indicates he is in good health and maintains an active lifestyle."
000000436194.png,"The individual in the image appears to be an older adult male, likely in his 60s or 70s. He has a receding hairline, with the remaining hair being short and gray. His skin tone suggests some degree of sun exposure or natural aging, indicated by a tanned complexion. He wears sunglasses, which partially obscure his eyes, but other facial features suggest a mature age. His build appears to be average, with a robust physique. His overall appearance is that of a healthy older adult."
000000347522.png,"The person appears to be an elderly woman, likely in her 70s or 80s. She has curly, light-colored hair that is thinning and shows signs of graying. Her skin is fair and shows visible signs of aging, such as wrinkles and age spots. She appears to have a slender build, with a slight hunch in her posture, commonly seen in older individuals."
000000119394.png,"The individual appears to be a young child, likely around the age of 6 to 8 years old. They have a short and stocky build, with limbs that are proportionate for their age. The child's skin appears smooth and youthful, consistent with their young age. Their hair is short and appears to be dark in color."
000000568942.png,"The individual in the image has a medium to dark complexion and appears to be in their late twenties to early thirties. They have short, dark hair that appears to be neatly trimmed. The person has a well-groomed mustache and a small beard. They have a moderate build with features that suggest an average height and weight. The person's facial structure indicates mature adulthood, with defined features and no visible signs of advanced aging."
000000452360.png,"The person in the image appears to be a young adult, possibly in their late twenties to early thirties. They have a slender build and an average height. Their hair is medium-length and appears to be dark in color. Due to the blur and lighting, specific facial features are indiscernible, making it difficult to pinpoint precise age and other detailed attributes."
000000373877.png,"The person in the image appears to be an adult male, likely in his mid to late 20s. He has a medium to muscular build with a darker complexion. He seems physically fit and active, with well-defined arms and upper body muscles. His facial features suggest he is alert and engaged in an activity, possibly performing or engaging in an energetic event. His hair is not fully visible due to the hat he is wearing, but it appears to be short. Overall, he presents a youthful and vigorous appearance."
000000415003.png,"The individual in the image appears to be a young adult, likely in their late teens or early twenties. They have a fair complexion with a lean, athletic build. The face has a clean, youthful appearance with prominently smooth skin. The hair is covered by a helmet, but what is visible suggests a straight texture. The person has a sharp jawline and clear facial features, including proportionate nose and lips. The individual’s height and overall physique suggest they are fit and engaged in physical activities, which is consistent with the athletic gear they are wearing."
000000322386.png,"The person in the image appears to be a male, possibly in his late teens or early twenties. He has an athletic build, indicative of someone who engages in regular physical activity or sports. His body composition suggests a focus on strength and agility. The person has a youthful appearance, likely under 25 years old, characterized by a smooth complexion and a well-maintained physique. His height and weight appear proportionate, contributing to an overall impression of fitness and athletic capability."
000000486119.png,"I don't know who this person is, but I can describe some general physical attributes. The person in the image appears to be a young adult, possibly in their early to mid-20s. They have straight, medium-length dark hair with bangs covering the forehead. Their complexion is light, and they possess delicate facial features. Further details about the person's physical appearance can't be discerned from the image alone."
000000061213.png,"This image features an individual who appears to be a young adult, likely in their late 20s to early 30s. They have a medium build and a fair complexion. Their hair is medium-length, dark, and falls below the shoulders, suggesting a youthful appearance. The hairstyle is simple, framing the face gently. Overall, the person has an approachable and youthful look."
000000046874.png,"Based solely on the visible physical attributes of the person in the image, it appears to be a male individual. He has short, brown hair with a receding hairline, which may suggest he is middle-aged, likely in his late 30s to early 50s. While specific facial details are not visible, the stature and body build are indicative of an adult male. The image does not provide further details to make more precise observations about his physical form."
000000221843.png,"The person in the image appears to be an adult male, likely in his late 30s to early 50s. He has a medium build and an average height. His hair is dark and seems to be of medium length. The image does not provide enough detail to determine eye color or other finer facial features. His complexion appears to be light to medium."
000000052801.png,"The individual in the image appears to be a middle-aged adult male, likely in his late 40s to early 50s. He has a medium to slightly muscular build with noticeable definition in his chest and arms. His skin tone is fair, and he has a bald or closely shaved head. The individual seems fit and active, as indicated by the visible muscle tone and overall build."
000000418241.png,"The individual in the image appears to be a young adult, likely in their early to mid-20s. They have short, dark hair that is neatly styled. Their skin tone seems to be light to medium. The person has a fit and healthy build, with visible muscle definition in their arms."
000000150964.png,"The person depicted in the image appears to be an older individual, potentially a senior adult. Their facial features exhibit characteristics commonly associated with aging, such as wrinkles and a mature skin texture. The individual's body build is relatively slight, and they appear to be of short stature. Their hands and legs also show signs of age, which might include skin spots or a slight stoop, typical features that can come with advancing years."
000000257719.png,"This individual appears to be a young adult, likely in their early twenties. They have a fair complexion and a medium build, with visible muscle tone indicating a level of physical fitness. The person has straight, medium-length hair which appears brown. Their overall appearance suggests they are in good health and physically active."
000000501076.png,"The person in the image appears to be a young child, likely around the age of 5-7 years old. She has a slim build with light skin. Her hair is blonde and is styled in a ponytail. Her overall physical appearance is that of a healthy, active young girl."
000000463181.png,"The person appears to be a young adult male, likely in his twenties or early thirties. He has a medium build and a fair skin tone, with visible musculature, particularly in his arms and upper body. His hair is short and dark, and he has a slight amount of facial hair in the form of stubble. There is an overall athletic appearance to his physique."
000000279382.png,"The person appears to be a woman who might be in her 30s or 40s based on general physical attributes. She has long, dark, wavy hair that cascades past her shoulders. Her complexion seems medium in tone. Her stature suggests an average build, neither particularly tall nor short. Specifics like eye color or other facial features aren't discernible from this image selection."
000000415017.png,"The person in the image appears to be an adult woman with a youthful appearance suggesting she could be in her late twenties to early thirties. She has a round face with a warm complexion and straight dark brown or black hair reaching just past her shoulders. She also wears a pair of glasses, which complement her friendly and approachable look."
000000408720.png,"The person in the image appears to be an adult male, likely in his late 20s to early 30s. He has a bald head, showcasing no visible hair on top, and a well-groomed beard covering his face. His facial features are mature and make him look like a young adult. The overall look suggests a professional or formal appearance, typical of someone within that age range."
000000436816.png,"The individual in the image appears to be an adult male, potentially in his 30s or early 40s. He has a medium build with a balanced frame, neither notably slim nor particularly heavyset. His hair is short and dark, though specific details about his facial features are not distinctly visible from this angle. Without additional context or a clearer view of his face, it's challenging to provide further specifics about his age range or additional physical attributes."
000000075514.png,"The person depicted in the image appears to be a young individual, possibly in their early teens. Their body looks slender and athletic, suggesting a youthful and active lifestyle. The individual has a smooth complexion typical of someone in their early stages of puberty, contributing to their youthful appearance. The hair is short and dark, appearing wet, which implies recent engagement in a water-related activity."
000000349533.png,"The person in the image appears to be a young adult, likely in their late 20s to early 30s. They have a well-groomed appearance with short, neatly styled hair. Their build is slender yet athletic, suggesting they may engage in regular physical activity. The face, although not visible in fine detail, seems to have a youthful quality, supporting the impression of a person in a relatively early stage of adulthood. The overall demeanor and physical condition indicate vitality and youthfulness."
000000483713.png,"Sorry, but I can't help with that request."
000000408913.png,"The individual in the image appears to be an adult male, possibly in his mid-30s to early 40s. He has a fair complexion, short dark hair, and wears glasses. The individual seems to be of average build and height, looking healthy and fit. Additional physical features include a rounded face with a high forehead. Any further details about his form-specific characteristics or distinguishing marks are not visible or are outside the provided scope."
000000159767.png,"The individual in the image appears to be an adult male, likely in his late 40s to early 60s. He has a medium to dark complexion and wears glasses. His overall build is medium to large, indicating a robust physique. He has a short hairstyle, and facial hair is not clearly visible in this particular image. The combination of age indicators and physical characteristics places him in the middle to later stages of adulthood."
000000003469.png,"The individual appears to be a male of East Asian descent. He looks to be in his late 20s to early 30s. He has straight black hair of medium length, with some strands falling across his forehead. His facial hair includes a thin mustache and a patchy beard along his jaw and chin. The person has a round face with a prominent nose and wears eyeglasses. His skin is smooth and moderately light in complexion."
000000365754.png,"I'm sorry, but I can't provide a description of this person's physical attributes."
000000294961.png,"The person appears to be an adult male, likely in his late 20s to early 30s. He has a well-built, athletic physique, indicative of regular physical activity or sports training. His skin tone is fair, and he has short hair that's partially visible from under the cap. His stature seems to be average to slightly above average height for an adult male. The specific features of his face can't be clearly seen due to the angle and the presence of sunglasses and a cap."
000000480597.png,"The person in the image appears to be a young child, likely around the age of four or five years old. They have a slight build that is typical for children of that age. The child's facial features include a cherubic, rounded face which is often associated with early childhood. They have fair skin and their hair is short and appears to be dark brown in color. The hair is cut neatly, fitting in with common styles for young children."
000000469453.png,"The individual appears to be a woman possibly in her 30s or early 40s, based on the observable physical attributes. She has a fair complexion and medium-length, curly hair which is partly styled up and colored with highlights. Her arms display noticeable tattoos, indicating a personal affinity for body art. She has a bright and polished look, suggesting that she takes care of her appearance. Her facial features include a smile that reveals her teeth, well-defined eyebrows, and makeup that accentuates her eyes and lips."
000000014667.png,"The individual in the image appears to be an older adult, possibly in their late 60s to early 70s, based on their visible physical attributes. They have white or gray hair, which is typically associated with aging. Their stature seems average, and they appear to be in reasonable health, as there are no visible signs of frailty. The person's skin tone suggests that they could be a fair-skinned individual. Overall, the individual exudes the characteristics of an elder with the typical signs of aging, such as white hair."
000000339995.png,"The person in the image appears to be a young child, likely around 5 to 7 years old. He has a light complexion and short, dark hair. His body build is typical of a young, active child, with an overall slender frame. His facial features include a youthful, smooth face and small, attentive eyes. "
000000570670.png,"The individual in the image appears to be a young person, likely in their teens or early twenties. They have a slender build, with an upright and athletic posture that suggests a level of physical fitness. The individual has a medium to light skin tone and dark hair peeking out from under a hat. Their limbs are proportionate to their body, indicating good physical health and muscular development consistent with regular physical activity."
000000332618.png,"This individual appears to be a young girl, likely around 5 to 7 years old. She has light brown or dark blonde hair, which is styled into two pigtails tied with hairbands. Her complexion is fair, and she has delicate, youthful facial features characteristic of a child in early elementary school."
000000352852.png,"The individual appears to be an adult male likely in his late 30s or early 40s. He has a fair complexion with a receding hairline, and his hair is light brown and kept short. His facial hair includes a mustache and a small goatee. He seems to be of average build and has a relatively slender appearance. The individual’s features convey a mature look, thanks to subtle signs of aging like slight creases around his forehead."
000000220208.png,"The person in the image appears to be a young child, likely around 3 to 5 years old. They have light blonde hair that is relatively short and straight. Their skin tone is fair, and their limbs are slender, typical characteristics of a young child. The child's hands are small with delicate fingers, and both knees show signs of bruising which is relatively common in active kids of this age group."
000000498482.png,"The person in the image appears to be an adult male. Based on his physical attributes, he looks to be in his 30s or early 40s. He has a medium to athletic build with noticeable muscle definition in his arms. His skin tone is light, and he has short hair, mostly obscured by a bandana, which leaves his hair color partly unidentifiable. The person is wearing sunglasses, covering much of his facial details."
000000578562.png,"The person in the image appears to be a young adult, likely in their twenties. They have a medium build with fair skin and long, straight brown hair that falls past their shoulders. They also wear glasses."
000000488691.png,"The individual appears to be a young adult, likely in their early to mid-twenties. Their skin tone is medium with a warm undertone, and their hair is dark, straight, and pulled back from their face, likely in a ponytail or a bun. The person's build appears average and healthy. "
000000406902.png,"The individual appears to be an adult woman who might be in her late twenties to mid-thirties. She has a dark complexion with smooth skin. Her hair is black, long, and curly, framing her face and extending down past her shoulders. The woman's facial features are well-defined, with a proportionate forehead and jawline. Her build looks to be medium, suggesting she might have an average height and weight."
000000466748.png,"The individual in the image appears to be an adult male who looks to be in his middle ages, possibly in his 30s or 40s. He has a medium build and an average height. His hair is short and appears to be dark in color. There is no facial hair visible on his face."
000000035681.png,"The person in the image appears to be a very young child, likely an infant or toddler. The child has a round head with very soft and smooth skin, characteristic of babies. The hair on the child's head is short and fine, with a light color. This child seems to have the typical physical attributes of someone under one year old, including chubby cheeks and small, delicate hands. The limbs are proportionate to the overall small stature, suggesting that the child is still in early stages of physical development."
000000048642.png,"The person in the image appears to be a middle-aged adult, likely in their 40s or 50s. They have a larger build with noticeable weight around the midsection and upper arms. Their hair is short and appears to be receding or thinning, and they are wearing glasses. Overall, their physical appearance suggests maturity and the natural effects of aging."
000000465241.png,"The individual appears to be a man in his 30s or early 40s. He has dark hair, which is trimmed short, and his facial hair is sparse, suggesting a light stubble. His physique suggests an average build, with a hint of consistent physical activity or athleticism. His skin tone appears medium. The overall impression is that of someone who maintains a reasonably active lifestyle."
000000372200.png,"The person in the image appears to be an adult male, likely in his late twenties or thirties. He has a medium build with a balanced proportion of muscle and stature, indicating a physically active lifestyle. His hair looks to be short, and he has a moderate height, suggesting an average to slightly above-average stature. The overall physical presence suggests someone who is reasonably fit and engaged in physical activity."
000000561741.png,"Based on the image, the individual appears to be a young adult, possibly in his early to mid-twenties. He has a medium complexion and a slender build. His hair is short and appears dark in color. The person is also wearing large, round glasses. The overall appearance suggests someone of youthful vitality, though exact age can only be estimated based on these visible features."
000000471220.png,"The person in the image appears to be a young adult, likely in their mid to late twenties. They have a medium skin tone with short, dark hair. Their facial hair is minimal, giving a clean-shaven look. Their overall physique appears to be slender and fit. The visible arm shows a smooth skin texture with no visible tattoos or scars."
000000003327.png,"The person in the image appears to be a young child, likely in the range of 5 to 8 years old. They have short hair with a light brown or blonde color. Their overall build is small and youthful, with the proportions typical of a child within this age range. Due to the limited view, no additional distinctive physical attributes are clearly discernable."
000000398020.png,"The individual in the image appears to be a young child, likely under two years old, based on their small stature and overall physical development. They have light skin and a short amount of thin, light-colored hair covering their head. Their face has the smooth and soft features typical of a toddler, with chubby cheeks and a relatively small nose and mouth. Their ears are small and close to their head. Overall, the child shows the classic characteristics of early childhood."
000000319258.png,"The individual appears to be a young adult. Given the limited view of their facial features due to the helmet and their general stature, they look to be in their early twenties. Their build seems average, not particularly tall or short, and they have a fair complexion. Their hair color, if visible, seems to be blonde or light-colored if relating to what is visible under the helmet. Overall, their physical appearance aligns with that of someone who is fit and possibly engaged in regular physical activity given the uniform they are wearing."
000000306378.png,"The person in the image appears to be an adult with a youthful appearance, likely in their late 20s to early 30s. They have medium-length, wavy red hair that is styled back with a black clip. Facial features, such as lines or age spots, are not clearly visible, contributing to a relatively youthful look."
000000313775.png,"The person in the image appears to be an adult male who likely falls within the age range of 30 to 40 years old. He has a fair complexion with light brown hair that is of medium length and swept back from his forehead. His facial hair includes a full beard and mustache, which are neatly trimmed and of a similar light brown color to his hair. His eyes are light-colored, possibly blue or grey. His overall facial features and hairstyle give him a look that might be perceived as friendly and approachable."
000000193873.png,"The person in the image appears to be a young adult, possibly in their early to mid-20s. They have a fair complexion and short, dark hair that is visible beneath the hood. Their face is complemented by a pair of glasses, which gives them a scholarly look. They also have some facial hair, including a light mustache and beard, adding to their mature appearance."
000000043688.png,"The person in the image appears to be a young adult. They have light-colored hair that is styled in a bun on top of their head. Their complexion is fair and their overall appearance suggests they are relatively youthful, possibly in their early to mid-20s."
000000390468.png,"The person in the image looks to be a young male, likely in his early to mid-teens. He has a slim build and appears to be quite agile, suggesting a degree of athletic ability. His facial features and overall body stature give the impression of being youthful, typical of someone in their early adolescence."
000000100941.png,"The person appears to be an adult woman, likely in her late 30s or early 40s. She has a medium build and light skin. Her hair is short and has a red-brown hue. She wears glasses and has a ring on her left hand."
000000418453.png,"The person depicted in the image appears to be a young adult, likely in his early 20s. He has a slender build and is of average height. His facial features, though somewhat obscured by the light, suggest he is smiling. He has short, dark hair and is clean-shaven. The individual's overall appearance is that of a youthful and active person."
000000403073.png,"The person in the image appears to be a middle-aged adult. He has a medium to athletic build and an average height. His facial features suggest maturity typically associated with someone in their late 30s to early 50s. He is wearing glasses, which add to the mature and intellectual aura. Additionally, he has a short beard and mustache, both neatly trimmed, contributing to his well-groomed appearance. His overall physique suggests that he is reasonably fit and active."
000000014920.png,"The individual appears to be a young adult, likely in her twenties. She has a light skin tone and long, straight, dark brown hair that falls past her shoulders. The person has a slim build and her facial features, though not described in detail, suggest youthfulness. Given the quality of her skin and the lack of any visible signs of aging such as wrinkles or age spots, she appears to be in her early to mid-twenties."
000000319516.png,"The person in the image appears to be an adult male with a bald head and a light to medium skin tone. He has a neatly groomed beard that is mostly gray, suggesting he could be in his mid to late 50s. His facial features are pronounced, and he wears glasses, which give him a distinguished and intellectual appearance. His overall physique is relatively average, and he seems to be in a relaxed state."
000000280653.png,"The individual appears to be a young adult, likely in their late teens to early twenties. They have a lean build with a relatively slender arm extending upwards. Their hair is mid-length, wavy, and dark brown, falling around their ears and forehead. The person's complexion is fair, with youthful skin that typically characterizes someone within this age range."
000000278856.png,"The person appears to be an adult male with a medium to athletic build. His skin tone is medium, and he has short, dark hair. He is wearing sunglasses, which obscure the view of his eyes and part of his face, making it a bit challenging to estimate his exact age. However, from the visible features, he looks to be in his late twenties to early thirties. His overall physique and the grooming of his hair indicate a relatively young adult."
000000510769.png,"The individual in the image appears to be a young adult, possibly in their early to mid-20s. He has a light complexion and an athletic build, suggesting a physically active lifestyle. His hair color is light brown or blonde, and he is wearing it short, with the length visible despite a backward-facing cap. While specific facial features are hard to discern from the image, he does have a youthful appearance overall, contributing to his seeming age range."
000000488732.png,"The person in the image appears to be an adult, likely in her late twenties to mid-thirties. She has light skin and straight brown hair that falls around her face. She wears glasses with dark frames, giving her a studious appearance. Her facial features are relatively soft and youthful, contributing to her appearance of being in her late twenties to mid-thirties."
000000396025.png,"The individual in the image appears to be an adult woman, likely in her late twenties to early thirties. She has a medium build and an oval-shaped face. Her hair is dark and appears to be shoulder-length, with some natural waves or loose curls. Her complexion is fair, and her facial features are proportionate. Given the hairstyle and overall appearance, she seems to be within the young adult to early middle-aged range."
000000399316.png,"The individual appears to be a adult male with a fair complexion and a reddish-brown beard. He has short hair of a similar color to his beard. He seems to be in his late 20s to mid 30s. His face is round with a prominent forehead. His build looks average, without any distinct signs of being particularly wiry or stocky."